Termino	Estimate	Std.Error	t.value	p.value
Intercepto	0.08131050969345426	0.01844340202133379	4.408650291274952	1.295542037123291e-5
Traqueostomía (Sí vs No)	0.013660433438952067	0.019968927280201054	0.6840844902317922	0.4942655408578308
