Variable	Efecto	Estimate	Std.Error	t.value	p.value
Traqueostomia	TraqueostomiaSí	0.013660433438952067	0.019968927280201054	0.6840844902317922	0.4942655408578308
