Variable	Efecto	Estimate	Std.Error	t.value	p.value
VMNI.durante.el.ingreso	VMNI.durante.el.ingresoSí	-0.0048376603905322295	0.0164920453884891	-0.2933329539529861	0.7694053408816465
